bus_number,route_name
118,"Route 1 - Nehru Colony / Ambiwala"
55,"Route 1 - Nehru Colony / Ambiwala"
66,"Route 1 - Nehru Colony / Ambiwala"
68,"Route 1 - Nehru Colony / Ambiwala"
78,"Route 1 - Nehru Colony / Ambiwala"
88,"Route 1 - Nehru Colony / Ambiwala"
108,"Route 2 - Jogiwala / Ring Road"
21,"Route 2 - Jogiwala / Ring Road"
32,"Route 2 - Jogiwala / Ring Road"
77,"Route 2 - Jogiwala / Ring Road"
106,"Route 3 - Mokhampur / Balawala"
42,"Route 3 - Mokhampur / Balawala"
45,"Route 3 - Mokhampur / Balawala"
70,"Route 3 - Mokhampur / Balawala"
